	#sample_index	sample_label	anatomical_site_index	anatomical_site_label	character_index	character_label	ref	var	tumor_type	anatomical_site_broad	sample_type	purity	ploidy	sampling_time_months_from_dx
0	0	I-H-134819-T11-3-D1-1	0	pelvic - FR 0	0	PIK3R1_p.D464fs*17_frameshift_variant_5:67589622	105.0	0.0	local_disease	pelvic	frelapse	0.74	2.13	33.2
1	1	I-H-134819-T12-3-D1-1	1	common iliac artery - FR 1	0	PIK3R1_p.D464fs*17_frameshift_variant_5:67589622	105.0	20.0	local_disease	pelvic	frelapse	0.66	2.27	35.53333333
2	2	I-H-134819-T14-3-D1-1	2	pelvic - FR 2	0	PIK3R1_p.D464fs*17_frameshift_variant_5:67589622	115.0	0.0	local_disease	pelvic	frelapse	0.96	2.21	36.63333333
3	3	I-H-134819-T15-3-D1-1	3	pelvic - FR 3	0	PIK3R1_p.D464fs*17_frameshift_variant_5:67589622	136.0	0.0	local_disease	pelvic	frelapse	0.94	2.25	38.96666667
4	4	I-H-134819-T16-3-D1-1	4	pelvic - FR 4	0	PIK3R1_p.D464fs*17_frameshift_variant_5:67589622	128.0	0.0	local_disease	pelvic	frelapse	0.93	2.17	40.96666667
5	5	I-H-134819-T9-3-D1-1	5	aortic bifurcation - D 5	0	PIK3R1_p.D464fs*17_frameshift_variant_5:67589622	109.0	0.0	primary_disease	pelvic	diagnosis	0.19	2.2	0.3
6	0	I-H-134819-T11-3-D1-1	0	pelvic - FR 0	1	ALK_p.N1115D_non_synonymous_codon_2:29446224;CDKN1C_p.P302fs*19_frameshift_variant_11:2905279;ATRX_c.5566+1G>T_splice_site_variant_X:76872080	419.0	5.0	local_disease	pelvic	frelapse	0.7399999999999999	2.13	33.2
7	1	I-H-134819-T12-3-D1-1	1	common iliac artery - FR 1	1	ALK_p.N1115D_non_synonymous_codon_2:29446224;CDKN1C_p.P302fs*19_frameshift_variant_11:2905279;ATRX_c.5566+1G>T_splice_site_variant_X:76872080	486.0	0.0	local_disease	pelvic	frelapse	0.66	2.27	35.53333333
8	2	I-H-134819-T14-3-D1-1	2	pelvic - FR 2	1	ALK_p.N1115D_non_synonymous_codon_2:29446224;CDKN1C_p.P302fs*19_frameshift_variant_11:2905279;ATRX_c.5566+1G>T_splice_site_variant_X:76872080	369.0	0.0	local_disease	pelvic	frelapse	0.96	2.21	36.63333333
9	3	I-H-134819-T15-3-D1-1	3	pelvic - FR 3	1	ALK_p.N1115D_non_synonymous_codon_2:29446224;CDKN1C_p.P302fs*19_frameshift_variant_11:2905279;ATRX_c.5566+1G>T_splice_site_variant_X:76872080	350.0	1.0	local_disease	pelvic	frelapse	0.94	2.25	38.96666667
10	4	I-H-134819-T16-3-D1-1	4	pelvic - FR 4	1	ALK_p.N1115D_non_synonymous_codon_2:29446224;CDKN1C_p.P302fs*19_frameshift_variant_11:2905279;ATRX_c.5566+1G>T_splice_site_variant_X:76872080	351.0	13.0	local_disease	pelvic	frelapse	0.93	2.17	40.96666667
11	5	I-H-134819-T9-3-D1-1	5	aortic bifurcation - D 5	1	ALK_p.N1115D_non_synonymous_codon_2:29446224;CDKN1C_p.P302fs*19_frameshift_variant_11:2905279;ATRX_c.5566+1G>T_splice_site_variant_X:76872080	384.0	0.0	primary_disease	pelvic	diagnosis	0.19000000000000003	2.2	0.3
