#sample_index,sample_label,anatomical_site_index,anatomical_site_label,character_index,character_label,ref,var
0,brain_metastasis,0,brain_metastasis,0,1:6473294,11333,8558
1,left_ovary_site_1,1,left_ovary_site_1,0,1:6473294,1186,108
2,righ_pelvic_mass,2,righ_pelvic_mass,0,1:6473294,3312,2053
0,brain_metastasis,0,brain_metastasis,1,1:10355834,3619,179
1,left_ovary_site_1,1,left_ovary_site_1,1,1:10355834,339,13
2,righ_pelvic_mass,2,righ_pelvic_mass,1,1:10355834,705,435
0,brain_metastasis,0,brain_metastasis,2,UBXN10:1:20517419,191,0
1,left_ovary_site_1,1,left_ovary_site_1,2,UBXN10:1:20517419,38,28
2,righ_pelvic_mass,2,righ_pelvic_mass,2,UBXN10:1:20517419,113,0
0,brain_metastasis,0,brain_metastasis,3,EIF4G3:1:21133981,757,233
1,left_ovary_site_1,1,left_ovary_site_1,3,EIF4G3:1:21133981,531,4
2,righ_pelvic_mass,2,righ_pelvic_mass,3,EIF4G3:1:21133981,845,0
0,brain_metastasis,0,brain_metastasis,4,1:27734828,1165,4
1,left_ovary_site_1,1,left_ovary_site_1,4,1:27734828,475,603
2,righ_pelvic_mass,2,righ_pelvic_mass,4,1:27734828,727,156
0,brain_metastasis,0,brain_metastasis,5,FHL3:1:38463713,1458,0
1,left_ovary_site_1,1,left_ovary_site_1,5,FHL3:1:38463713,291,136
2,righ_pelvic_mass,2,righ_pelvic_mass,5,FHL3:1:38463713,436,0
0,brain_metastasis,0,brain_metastasis,6,WDR65:1:43665109,1505,699
1,left_ovary_site_1,1,left_ovary_site_1,6,WDR65:1:43665109,3448,0
2,righ_pelvic_mass,2,righ_pelvic_mass,6,WDR65:1:43665109,3014,0
0,brain_metastasis,0,brain_metastasis,7,RP11-543D5.1:1:48155865,13927,0
1,left_ovary_site_1,1,left_ovary_site_1,7,RP11-543D5.1:1:48155865,1090,0
2,righ_pelvic_mass,2,righ_pelvic_mass,7,RP11-543D5.1:1:48155865,4120,706
0,brain_metastasis,0,brain_metastasis,8,ELAVL4:1:50610629,644,367
1,left_ovary_site_1,1,left_ovary_site_1,8,ELAVL4:1:50610629,1381,638
2,righ_pelvic_mass,2,righ_pelvic_mass,8,ELAVL4:1:50610629,1288,301
0,brain_metastasis,0,brain_metastasis,9,TTC39A:1:51778576,2463,0
1,left_ovary_site_1,1,left_ovary_site_1,9,TTC39A:1:51778576,1175,472
2,righ_pelvic_mass,2,righ_pelvic_mass,9,TTC39A:1:51778576,1382,0
0,brain_metastasis,0,brain_metastasis,10,OSBPL9:1:52249602,2148,0
1,left_ovary_site_1,1,left_ovary_site_1,10,OSBPL9:1:52249602,1944,989
2,righ_pelvic_mass,2,righ_pelvic_mass,10,OSBPL9:1:52249602,2553,2
0,brain_metastasis,0,brain_metastasis,11,TXNDC12:1:52507254,812,6
1,left_ovary_site_1,1,left_ovary_site_1,11,TXNDC12:1:52507254,259,95
2,righ_pelvic_mass,2,righ_pelvic_mass,11,TXNDC12:1:52507254,556,0
0,brain_metastasis,0,brain_metastasis,12,1:75474357,16185,4851
1,left_ovary_site_1,1,left_ovary_site_1,12,1:75474357,1040,761
2,righ_pelvic_mass,2,righ_pelvic_mass,12,1:75474357,5091,766
0,brain_metastasis,0,brain_metastasis,13,1:83066615,2236,2047
1,left_ovary_site_1,1,left_ovary_site_1,13,1:83066615,422,0
2,righ_pelvic_mass,2,righ_pelvic_mass,13,1:83066615,1201,0
0,brain_metastasis,0,brain_metastasis,14,LMO4:1:87804175,16873,96
1,left_ovary_site_1,1,left_ovary_site_1,14,LMO4:1:87804175,1712,0
2,righ_pelvic_mass,2,righ_pelvic_mass,14,LMO4:1:87804175,4677,0
0,brain_metastasis,0,brain_metastasis,15,ARHGAP29:1:94643215,663,0
1,left_ovary_site_1,1,left_ovary_site_1,15,ARHGAP29:1:94643215,342,265
2,righ_pelvic_mass,2,righ_pelvic_mass,15,ARHGAP29:1:94643215,739,0
0,brain_metastasis,0,brain_metastasis,16,LPPR5:1:99383051,13279,16111
1,left_ovary_site_1,1,left_ovary_site_1,16,LPPR5:1:99383051,2270,1157
2,righ_pelvic_mass,2,righ_pelvic_mass,16,LPPR5:1:99383051,8879,1150
0,brain_metastasis,0,brain_metastasis,17,CHIA:1:111861979,3548,8
1,left_ovary_site_1,1,left_ovary_site_1,17,CHIA:1:111861979,3288,1376
2,righ_pelvic_mass,2,righ_pelvic_mass,17,CHIA:1:111861979,4925,4
0,brain_metastasis,0,brain_metastasis,18,1:113189839,1764,188
1,left_ovary_site_1,1,left_ovary_site_1,18,1:113189839,972,0
2,righ_pelvic_mass,2,righ_pelvic_mass,18,1:113189839,1478,0
0,brain_metastasis,0,brain_metastasis,19,HIPK1:1:114484056,1106,1459
1,left_ovary_site_1,1,left_ovary_site_1,19,HIPK1:1:114484056,1021,615
2,righ_pelvic_mass,2,righ_pelvic_mass,19,HIPK1:1:114484056,1587,443
0,brain_metastasis,0,brain_metastasis,20,1:152279927,925,813
1,left_ovary_site_1,1,left_ovary_site_1,20,1:152279927,908,714
2,righ_pelvic_mass,2,righ_pelvic_mass,20,1:152279927,1536,281
0,brain_metastasis,0,brain_metastasis,21,1:152732933,45,24
1,left_ovary_site_1,1,left_ovary_site_1,21,1:152732933,40,22
2,righ_pelvic_mass,2,righ_pelvic_mass,21,1:152732933,26,20
0,brain_metastasis,0,brain_metastasis,22,KPRP:1:152733344,375,315
1,left_ovary_site_1,1,left_ovary_site_1,22,KPRP:1:152733344,241,182
2,righ_pelvic_mass,2,righ_pelvic_mass,22,KPRP:1:152733344,463,141
0,brain_metastasis,0,brain_metastasis,23,1:154145447,1278,2
1,left_ovary_site_1,1,left_ovary_site_1,23,1:154145447,452,335
2,righ_pelvic_mass,2,righ_pelvic_mass,23,1:154145447,846,186
0,brain_metastasis,0,brain_metastasis,24,1:185267291,1093,199
1,left_ovary_site_1,1,left_ovary_site_1,24,1:185267291,1422,0
2,righ_pelvic_mass,2,righ_pelvic_mass,24,1:185267291,2447,4
0,brain_metastasis,0,brain_metastasis,25,DENND1B:1:197564427,848,143
1,left_ovary_site_1,1,left_ovary_site_1,25,DENND1B:1:197564427,2267,0
2,righ_pelvic_mass,2,righ_pelvic_mass,25,DENND1B:1:197564427,2771,0
0,brain_metastasis,0,brain_metastasis,26,1:199806572,6683,1311
1,left_ovary_site_1,1,left_ovary_site_1,26,1:199806572,456,312
2,righ_pelvic_mass,2,righ_pelvic_mass,26,1:199806572,1505,25
0,brain_metastasis,0,brain_metastasis,27,1:199912951,0,0
1,left_ovary_site_1,1,left_ovary_site_1,27,1:199912951,0,0
2,righ_pelvic_mass,2,righ_pelvic_mass,27,1:199912951,0,0
0,brain_metastasis,0,brain_metastasis,28,CACNA1S:1:201018177,2629,0
1,left_ovary_site_1,1,left_ovary_site_1,28,CACNA1S:1:201018177,1241,916
2,righ_pelvic_mass,2,righ_pelvic_mass,28,CACNA1S:1:201018177,2564,59
0,brain_metastasis,0,brain_metastasis,29,1:202888982,700,232
1,left_ovary_site_1,1,left_ovary_site_1,29,1:202888982,408,0
2,righ_pelvic_mass,2,righ_pelvic_mass,29,1:202888982,650,0
0,brain_metastasis,0,brain_metastasis,30,CHIT1:1:203186096,1977,6
1,left_ovary_site_1,1,left_ovary_site_1,30,CHIT1:1:203186096,1294,837
2,righ_pelvic_mass,2,righ_pelvic_mass,30,CHIT1:1:203186096,2525,6
0,brain_metastasis,0,brain_metastasis,31,PLEKHA6:1:204199453,12643,0
1,left_ovary_site_1,1,left_ovary_site_1,31,PLEKHA6:1:204199453,711,295
2,righ_pelvic_mass,2,righ_pelvic_mass,31,PLEKHA6:1:204199453,3317,0
0,brain_metastasis,0,brain_metastasis,32,CNTN2:1:205030534,855,0
1,left_ovary_site_1,1,left_ovary_site_1,32,CNTN2:1:205030534,264,136
2,righ_pelvic_mass,2,righ_pelvic_mass,32,CNTN2:1:205030534,622,0
0,brain_metastasis,0,brain_metastasis,33,IL19:1:206974576,7409,0
1,left_ovary_site_1,1,left_ovary_site_1,33,IL19:1:206974576,493,286
2,righ_pelvic_mass,2,righ_pelvic_mass,33,IL19:1:206974576,1734,210
0,brain_metastasis,0,brain_metastasis,34,DNAH14:1:225521046,262,490
1,left_ovary_site_1,1,left_ovary_site_1,34,DNAH14:1:225521046,1576,0
2,righ_pelvic_mass,2,righ_pelvic_mass,34,DNAH14:1:225521046,2104,0
0,brain_metastasis,0,brain_metastasis,35,1:234580327,39233,5
1,left_ovary_site_1,1,left_ovary_site_1,35,1:234580327,3085,0
2,righ_pelvic_mass,2,righ_pelvic_mass,35,1:234580327,10592,134
0,brain_metastasis,0,brain_metastasis,36,1:236244972,10551,2
1,left_ovary_site_1,1,left_ovary_site_1,36,1:236244972,1045,0
2,righ_pelvic_mass,2,righ_pelvic_mass,36,1:236244972,3303,298
0,brain_metastasis,0,brain_metastasis,37,KIF26B:1:245772788,1110,364
1,left_ovary_site_1,1,left_ovary_site_1,37,KIF26B:1:245772788,988,0
2,righ_pelvic_mass,2,righ_pelvic_mass,37,KIF26B:1:245772788,652,0
0,brain_metastasis,0,brain_metastasis,38,KIF28P:1:246943710,1811,223
1,left_ovary_site_1,1,left_ovary_site_1,38,KIF28P:1:246943710,870,2
2,righ_pelvic_mass,2,righ_pelvic_mass,38,KIF28P:1:246943710,1256,2
0,brain_metastasis,0,brain_metastasis,39,KIF28P:1:246943711,1525,218
1,left_ovary_site_1,1,left_ovary_site_1,39,KIF28P:1:246943711,751,0
2,righ_pelvic_mass,2,righ_pelvic_mass,39,KIF28P:1:246943711,1099,0
0,brain_metastasis,0,brain_metastasis,40,UPF2:10:11978638,472,407
1,left_ovary_site_1,1,left_ovary_site_1,40,UPF2:10:11978638,1260,0
2,righ_pelvic_mass,2,righ_pelvic_mass,40,UPF2:10:11978638,1166,0
0,brain_metastasis,0,brain_metastasis,41,ACBD7:10:15120603,1559,608
1,left_ovary_site_1,1,left_ovary_site_1,41,ACBD7:10:15120603,1699,0
2,righ_pelvic_mass,2,righ_pelvic_mass,41,ACBD7:10:15120603,2628,2
0,brain_metastasis,0,brain_metastasis,42,10:33637660,16235,19
1,left_ovary_site_1,1,left_ovary_site_1,42,10:33637660,1010,667
2,righ_pelvic_mass,2,righ_pelvic_mass,42,10:33637660,2677,360
0,brain_metastasis,0,brain_metastasis,43,10:36813109,60,30
1,left_ovary_site_1,1,left_ovary_site_1,43,10:36813109,16,0
2,righ_pelvic_mass,2,righ_pelvic_mass,43,10:36813109,29,0
0,brain_metastasis,0,brain_metastasis,44,10:38343781,603,225
1,left_ovary_site_1,1,left_ovary_site_1,44,10:38343781,1126,8
2,righ_pelvic_mass,2,righ_pelvic_mass,44,10:38343781,1556,4
0,brain_metastasis,0,brain_metastasis,45,ERCC6:10:50708586,15792,12652
1,left_ovary_site_1,1,left_ovary_site_1,45,ERCC6:10:50708586,3027,6
2,righ_pelvic_mass,2,righ_pelvic_mass,45,ERCC6:10:50708586,8571,2
0,brain_metastasis,0,brain_metastasis,45,ERCC6:10:50708586,273,242
1,left_ovary_site_1,1,left_ovary_site_1,45,ERCC6:10:50708586,719,0
2,righ_pelvic_mass,2,righ_pelvic_mass,45,ERCC6:10:50708586,890,0
0,brain_metastasis,0,brain_metastasis,46,ANK3:10:61946526,1217,242
1,left_ovary_site_1,1,left_ovary_site_1,46,ANK3:10:61946526,2110,0
2,righ_pelvic_mass,2,righ_pelvic_mass,46,ANK3:10:61946526,2100,0
0,brain_metastasis,0,brain_metastasis,47,10:69571306,1645,146
1,left_ovary_site_1,1,left_ovary_site_1,47,10:69571306,2034,4
2,righ_pelvic_mass,2,righ_pelvic_mass,47,10:69571306,1926,4
0,brain_metastasis,0,brain_metastasis,48,C10orf11:10:77824804,1648,682
1,left_ovary_site_1,1,left_ovary_site_1,48,C10orf11:10:77824804,86,48
2,righ_pelvic_mass,2,righ_pelvic_mass,48,C10orf11:10:77824804,719,0
0,brain_metastasis,0,brain_metastasis,49,10:94492432,1870,2204
1,left_ovary_site_1,1,left_ovary_site_1,49,10:94492432,134,95
2,righ_pelvic_mass,2,righ_pelvic_mass,49,10:94492432,975,0
0,brain_metastasis,0,brain_metastasis,50,10:95748155,17454,0
1,left_ovary_site_1,1,left_ovary_site_1,50,10:95748155,1959,0
2,righ_pelvic_mass,2,righ_pelvic_mass,50,10:95748155,2830,253
0,brain_metastasis,0,brain_metastasis,51,SORCS3:10:106505187,875,208
1,left_ovary_site_1,1,left_ovary_site_1,51,SORCS3:10:106505187,38,42
2,righ_pelvic_mass,2,righ_pelvic_mass,51,SORCS3:10:106505187,273,0
0,brain_metastasis,0,brain_metastasis,52,10:107346397,16047,11153
1,left_ovary_site_1,1,left_ovary_site_1,52,10:107346397,743,504
2,righ_pelvic_mass,2,righ_pelvic_mass,52,10:107346397,6681,1
0,brain_metastasis,0,brain_metastasis,53,10:110919597,44266,2
1,left_ovary_site_1,1,left_ovary_site_1,53,10:110919597,1887,1492
2,righ_pelvic_mass,2,righ_pelvic_mass,53,10:110919597,7359,0
0,brain_metastasis,0,brain_metastasis,54,10:113709398,21373,7
1,left_ovary_site_1,1,left_ovary_site_1,54,10:113709398,2375,0
2,righ_pelvic_mass,2,righ_pelvic_mass,54,10:113709398,4280,724
0,brain_metastasis,0,brain_metastasis,55,GFRA1:10:117967536,9464,10517
1,left_ovary_site_1,1,left_ovary_site_1,55,GFRA1:10:117967536,869,671
2,righ_pelvic_mass,2,righ_pelvic_mass,55,GFRA1:10:117967536,4571,6
0,brain_metastasis,0,brain_metastasis,56,RN7SKP167:10:123171708,8490,6724
1,left_ovary_site_1,1,left_ovary_site_1,56,RN7SKP167:10:123171708,1029,701
2,righ_pelvic_mass,2,righ_pelvic_mass,56,RN7SKP167:10:123171708,5213,7
0,brain_metastasis,0,brain_metastasis,57,11:6436149,287,0
1,left_ovary_site_1,1,left_ovary_site_1,57,11:6436149,110,0
2,righ_pelvic_mass,2,righ_pelvic_mass,57,11:6436149,416,3
0,brain_metastasis,0,brain_metastasis,58,DNHD1:11:6541468,47,70
1,left_ovary_site_1,1,left_ovary_site_1,58,DNHD1:11:6541468,219,0
2,righ_pelvic_mass,2,righ_pelvic_mass,58,DNHD1:11:6541468,304,0
0,brain_metastasis,0,brain_metastasis,59,DCHS1:11:6644974,159,0
1,left_ovary_site_1,1,left_ovary_site_1,59,DCHS1:11:6644974,38,55
2,righ_pelvic_mass,2,righ_pelvic_mass,59,DCHS1:11:6644974,39,0
0,brain_metastasis,0,brain_metastasis,60,MICALCL:11:12371942,10428,22511
1,left_ovary_site_1,1,left_ovary_site_1,60,MICALCL:11:12371942,440,2526
2,righ_pelvic_mass,2,righ_pelvic_mass,60,MICALCL:11:12371942,7167,1654
0,brain_metastasis,0,brain_metastasis,61,11:55872883,618,442
1,left_ovary_site_1,1,left_ovary_site_1,61,11:55872883,1918,4
2,righ_pelvic_mass,2,righ_pelvic_mass,61,11:55872883,1930,0
0,brain_metastasis,0,brain_metastasis,62,BTBD18:11:57513621,993,575
1,left_ovary_site_1,1,left_ovary_site_1,62,BTBD18:11:57513621,797,0
2,righ_pelvic_mass,2,righ_pelvic_mass,62,BTBD18:11:57513621,538,0
0,brain_metastasis,0,brain_metastasis,63,RP11-804A23.2:11:60602714,37642,51
1,left_ovary_site_1,1,left_ovary_site_1,63,RP11-804A23.2:11:60602714,3940,0
2,righ_pelvic_mass,2,righ_pelvic_mass,63,RP11-804A23.2:11:60602714,10915,351
0,brain_metastasis,0,brain_metastasis,64,AHNAK:11:62294475,15,14
1,left_ovary_site_1,1,left_ovary_site_1,64,AHNAK:11:62294475,52,0
2,righ_pelvic_mass,2,righ_pelvic_mass,64,AHNAK:11:62294475,32,0
0,brain_metastasis,0,brain_metastasis,65,11:64572602,5602,3151
1,left_ovary_site_1,1,left_ovary_site_1,65,11:64572602,478,756
2,righ_pelvic_mass,2,righ_pelvic_mass,65,11:64572602,1569,1732
0,brain_metastasis,0,brain_metastasis,66,11:94861823,515,335
1,left_ovary_site_1,1,left_ovary_site_1,66,11:94861823,889,0
2,righ_pelvic_mass,2,righ_pelvic_mass,66,11:94861823,1149,0
0,brain_metastasis,0,brain_metastasis,67,PDGFD:11:103838094,13566,11904
1,left_ovary_site_1,1,left_ovary_site_1,67,PDGFD:11:103838094,1452,622
2,righ_pelvic_mass,2,righ_pelvic_mass,67,PDGFD:11:103838094,7114,989
0,brain_metastasis,0,brain_metastasis,68,GRAMD1B:11:123410439,31561,1
1,left_ovary_site_1,1,left_ovary_site_1,68,GRAMD1B:11:123410439,1349,527
2,righ_pelvic_mass,2,righ_pelvic_mass,68,GRAMD1B:11:123410439,7250,1050
0,brain_metastasis,0,brain_metastasis,69,OR6T1:11:123814544,1088,0
1,left_ovary_site_1,1,left_ovary_site_1,69,OR6T1:11:123814544,1553,369
2,righ_pelvic_mass,2,righ_pelvic_mass,69,OR6T1:11:123814544,2012,10
0,brain_metastasis,0,brain_metastasis,70,VWA5A:11:124016591,1904,279
1,left_ovary_site_1,1,left_ovary_site_1,70,VWA5A:11:124016591,2565,0
2,righ_pelvic_mass,2,righ_pelvic_mass,70,VWA5A:11:124016591,2726,0
0,brain_metastasis,0,brain_metastasis,71,OR8D1:11:124180659,3745,2
1,left_ovary_site_1,1,left_ovary_site_1,71,OR8D1:11:124180659,4104,1778
2,righ_pelvic_mass,2,righ_pelvic_mass,71,OR8D1:11:124180659,4506,913
0,brain_metastasis,0,brain_metastasis,72,12:1034943,22776,15042
1,left_ovary_site_1,1,left_ovary_site_1,72,12:1034943,2135,1237
2,righ_pelvic_mass,2,righ_pelvic_mass,72,12:1034943,3215,3260
0,brain_metastasis,0,brain_metastasis,73,COPS7A:12:6837012,25839,0
1,left_ovary_site_1,1,left_ovary_site_1,73,COPS7A:12:6837012,2357,0
2,righ_pelvic_mass,2,righ_pelvic_mass,73,COPS7A:12:6837012,7334,1491
0,brain_metastasis,0,brain_metastasis,74,12:47358951,12146,847
1,left_ovary_site_1,1,left_ovary_site_1,74,12:47358951,1165,0
2,righ_pelvic_mass,2,righ_pelvic_mass,74,12:47358951,2966,0
0,brain_metastasis,0,brain_metastasis,75,12:53346601,1046,251
1,left_ovary_site_1,1,left_ovary_site_1,75,12:53346601,502,0
2,righ_pelvic_mass,2,righ_pelvic_mass,75,12:53346601,535,4
0,brain_metastasis,0,brain_metastasis,76,DNAJC14:12:56222250,171,148
1,left_ovary_site_1,1,left_ovary_site_1,76,DNAJC14:12:56222250,188,0
2,righ_pelvic_mass,2,righ_pelvic_mass,76,DNAJC14:12:56222250,123,0
0,brain_metastasis,0,brain_metastasis,77,RP11-81H14.2:12:68847012,16761,12707
1,left_ovary_site_1,1,left_ovary_site_1,77,RP11-81H14.2:12:68847012,2478,856
2,righ_pelvic_mass,2,righ_pelvic_mass,77,RP11-81H14.2:12:68847012,6714,268
0,brain_metastasis,0,brain_metastasis,78,BEST3:12:70036305,11254,8501
1,left_ovary_site_1,1,left_ovary_site_1,78,BEST3:12:70036305,1743,662
2,righ_pelvic_mass,2,righ_pelvic_mass,78,BEST3:12:70036305,5217,234
0,brain_metastasis,0,brain_metastasis,79,FGD6:12:95603543,63,75
1,left_ovary_site_1,1,left_ovary_site_1,79,FGD6:12:95603543,28,93
2,righ_pelvic_mass,2,righ_pelvic_mass,79,FGD6:12:95603543,152,198
0,brain_metastasis,0,brain_metastasis,80,FGD6:12:95603564,62,78
1,left_ovary_site_1,1,left_ovary_site_1,80,FGD6:12:95603564,30,92
2,righ_pelvic_mass,2,righ_pelvic_mass,80,FGD6:12:95603564,157,196
0,brain_metastasis,0,brain_metastasis,81,HAL:12:96380881,630,0
1,left_ovary_site_1,1,left_ovary_site_1,81,HAL:12:96380881,73,458
2,righ_pelvic_mass,2,righ_pelvic_mass,81,HAL:12:96380881,479,617
0,brain_metastasis,0,brain_metastasis,82,12:104373370,17695,4450
1,left_ovary_site_1,1,left_ovary_site_1,82,12:104373370,1669,140
2,righ_pelvic_mass,2,righ_pelvic_mass,82,12:104373370,3533,1322
0,brain_metastasis,0,brain_metastasis,83,POLR3B:12:106900816,24405,318
1,left_ovary_site_1,1,left_ovary_site_1,83,POLR3B:12:106900816,942,0
2,righ_pelvic_mass,2,righ_pelvic_mass,83,POLR3B:12:106900816,5070,2
0,brain_metastasis,0,brain_metastasis,84,12:130396887,9352,17329
1,left_ovary_site_1,1,left_ovary_site_1,84,12:130396887,223,2120
2,righ_pelvic_mass,2,righ_pelvic_mass,84,12:130396887,2893,4750
0,brain_metastasis,0,brain_metastasis,85,12:130589420,39528,1
1,left_ovary_site_1,1,left_ovary_site_1,85,12:130589420,4357,0
2,righ_pelvic_mass,2,righ_pelvic_mass,85,12:130589420,6659,742
0,brain_metastasis,0,brain_metastasis,86,FREM2:13:39266043,203,334
1,left_ovary_site_1,1,left_ovary_site_1,86,FREM2:13:39266043,75,149
2,righ_pelvic_mass,2,righ_pelvic_mass,86,FREM2:13:39266043,415,234
0,brain_metastasis,0,brain_metastasis,87,13:40393022,529,746
1,left_ovary_site_1,1,left_ovary_site_1,87,13:40393022,46,81
2,righ_pelvic_mass,2,righ_pelvic_mass,87,13:40393022,210,200
0,brain_metastasis,0,brain_metastasis,88,13:63694543,3589,339
1,left_ovary_site_1,1,left_ovary_site_1,88,13:63694543,311,2
2,righ_pelvic_mass,2,righ_pelvic_mass,88,13:63694543,1047,0
0,brain_metastasis,0,brain_metastasis,89,13:70178867,10095,0
1,left_ovary_site_1,1,left_ovary_site_1,89,13:70178867,997,363
2,righ_pelvic_mass,2,righ_pelvic_mass,89,13:70178867,3451,0
0,brain_metastasis,0,brain_metastasis,90,MYCBP2:13:77752008,20,16
1,left_ovary_site_1,1,left_ovary_site_1,90,MYCBP2:13:77752008,8,61
2,righ_pelvic_mass,2,righ_pelvic_mass,90,MYCBP2:13:77752008,67,43
0,brain_metastasis,0,brain_metastasis,91,GPC6:13:94938627,889,2
1,left_ovary_site_1,1,left_ovary_site_1,91,GPC6:13:94938627,1039,463
2,righ_pelvic_mass,2,righ_pelvic_mass,91,GPC6:13:94938627,1753,5
0,brain_metastasis,0,brain_metastasis,92,OR4K2:14:20344654,36,19
1,left_ovary_site_1,1,left_ovary_site_1,92,OR4K2:14:20344654,25,0
2,righ_pelvic_mass,2,righ_pelvic_mass,92,OR4K2:14:20344654,77,0
0,brain_metastasis,0,brain_metastasis,93,SALL2:14:21991722,1243,1619
1,left_ovary_site_1,1,left_ovary_site_1,93,SALL2:14:21991722,709,2
2,righ_pelvic_mass,2,righ_pelvic_mass,93,SALL2:14:21991722,913,0
0,brain_metastasis,0,brain_metastasis,94,CTSG:14:25043983,266,495
1,left_ovary_site_1,1,left_ovary_site_1,94,CTSG:14:25043983,921,652
2,righ_pelvic_mass,2,righ_pelvic_mass,94,CTSG:14:25043983,1078,311
0,brain_metastasis,0,brain_metastasis,95,L2HGDH:14:50769684,249,429
1,left_ovary_site_1,1,left_ovary_site_1,95,L2HGDH:14:50769684,556,0
2,righ_pelvic_mass,2,righ_pelvic_mass,95,L2HGDH:14:50769684,882,0
0,brain_metastasis,0,brain_metastasis,96,DDHD1:14:53539380,264,0
1,left_ovary_site_1,1,left_ovary_site_1,96,DDHD1:14:53539380,519,398
2,righ_pelvic_mass,2,righ_pelvic_mass,96,DDHD1:14:53539380,640,214
0,brain_metastasis,0,brain_metastasis,97,14:59789909,384,0
1,left_ovary_site_1,1,left_ovary_site_1,97,14:59789909,342,323
2,righ_pelvic_mass,2,righ_pelvic_mass,97,14:59789909,498,146
0,brain_metastasis,0,brain_metastasis,98,KCNH5:14:63187987,17023,7538
1,left_ovary_site_1,1,left_ovary_site_1,98,KCNH5:14:63187987,1090,890
2,righ_pelvic_mass,2,righ_pelvic_mass,98,KCNH5:14:63187987,7104,1
0,brain_metastasis,0,brain_metastasis,99,KCNH5:14:63187988,17771,7452
1,left_ovary_site_1,1,left_ovary_site_1,99,KCNH5:14:63187988,1132,891
2,righ_pelvic_mass,2,righ_pelvic_mass,99,KCNH5:14:63187988,7287,1
0,brain_metastasis,0,brain_metastasis,100,14:69006916,36,314
1,left_ovary_site_1,1,left_ovary_site_1,100,14:69006916,49,45
2,righ_pelvic_mass,2,righ_pelvic_mass,100,14:69006916,158,68
0,brain_metastasis,0,brain_metastasis,101,14:75512143,1155,3772
1,left_ovary_site_1,1,left_ovary_site_1,101,14:75512143,314,353
2,righ_pelvic_mass,2,righ_pelvic_mass,101,14:75512143,521,595
0,brain_metastasis,0,brain_metastasis,102,NRXN3:14:79960137,5955,1
1,left_ovary_site_1,1,left_ovary_site_1,102,NRXN3:14:79960137,351,194
2,righ_pelvic_mass,2,righ_pelvic_mass,102,NRXN3:14:79960137,1396,275
0,brain_metastasis,0,brain_metastasis,103,RP11-226P1.1:14:82246445,2451,2306
1,left_ovary_site_1,1,left_ovary_site_1,103,RP11-226P1.1:14:82246445,259,199
2,righ_pelvic_mass,2,righ_pelvic_mass,103,RP11-226P1.1:14:82246445,1182,183
0,brain_metastasis,0,brain_metastasis,104,14:84280794,6412,1709
1,left_ovary_site_1,1,left_ovary_site_1,104,14:84280794,615,1
2,righ_pelvic_mass,2,righ_pelvic_mass,104,14:84280794,2372,2
0,brain_metastasis,0,brain_metastasis,105,RPS6KA5:14:91360874,325,112
1,left_ovary_site_1,1,left_ovary_site_1,105,RPS6KA5:14:91360874,819,0
2,righ_pelvic_mass,2,righ_pelvic_mass,105,RPS6KA5:14:91360874,868,2
0,brain_metastasis,0,brain_metastasis,106,IGHV5-51:14:107032466,29094,0
1,left_ovary_site_1,1,left_ovary_site_1,106,IGHV5-51:14:107032466,571,1422
2,righ_pelvic_mass,2,righ_pelvic_mass,106,IGHV5-51:14:107032466,5852,1089
0,brain_metastasis,0,brain_metastasis,107,CCPG1:15:55652370,1443,1633
1,left_ovary_site_1,1,left_ovary_site_1,107,CCPG1:15:55652370,2991,0
2,righ_pelvic_mass,2,righ_pelvic_mass,107,CCPG1:15:55652370,2879,0
0,brain_metastasis,0,brain_metastasis,108,TLN2:15:63004226,1532,471
1,left_ovary_site_1,1,left_ovary_site_1,108,TLN2:15:63004226,713,519
2,righ_pelvic_mass,2,righ_pelvic_mass,108,TLN2:15:63004226,519,269
0,brain_metastasis,0,brain_metastasis,109,UBAP1L:15:65391873,643,765
1,left_ovary_site_1,1,left_ovary_site_1,109,UBAP1L:15:65391873,331,0
2,righ_pelvic_mass,2,righ_pelvic_mass,109,UBAP1L:15:65391873,561,0
0,brain_metastasis,0,brain_metastasis,110,LARP6:15:71125061,1435,123
1,left_ovary_site_1,1,left_ovary_site_1,110,LARP6:15:71125061,1212,2
2,righ_pelvic_mass,2,righ_pelvic_mass,110,LARP6:15:71125061,1546,2
0,brain_metastasis,0,brain_metastasis,111,UBL7:15:74741975,2126,0
1,left_ovary_site_1,1,left_ovary_site_1,111,UBL7:15:74741975,572,431
2,righ_pelvic_mass,2,righ_pelvic_mass,111,UBL7:15:74741975,973,0
0,brain_metastasis,0,brain_metastasis,112,15:75042261,493,0
1,left_ovary_site_1,1,left_ovary_site_1,112,15:75042261,172,199
2,righ_pelvic_mass,2,righ_pelvic_mass,112,15:75042261,59,0
0,brain_metastasis,0,brain_metastasis,113,CTD-2034I4.1:15:81857048,11819,3663
1,left_ovary_site_1,1,left_ovary_site_1,113,CTD-2034I4.1:15:81857048,1240,821
2,righ_pelvic_mass,2,righ_pelvic_mass,113,CTD-2034I4.1:15:81857048,3420,1
0,brain_metastasis,0,brain_metastasis,114,NTRK3:15:88522594,401,2
1,left_ovary_site_1,1,left_ovary_site_1,114,NTRK3:15:88522594,165,104
2,righ_pelvic_mass,2,righ_pelvic_mass,114,NTRK3:15:88522594,244,95
0,brain_metastasis,0,brain_metastasis,115,SEMA4B:15:90768512,245,50
1,left_ovary_site_1,1,left_ovary_site_1,115,SEMA4B:15:90768512,132,0
2,righ_pelvic_mass,2,righ_pelvic_mass,115,SEMA4B:15:90768512,28,0
0,brain_metastasis,0,brain_metastasis,116,16:21574511,17462,0
1,left_ovary_site_1,1,left_ovary_site_1,116,16:21574511,1459,345
2,righ_pelvic_mass,2,righ_pelvic_mass,116,16:21574511,3678,0
0,brain_metastasis,0,brain_metastasis,117,KIAA0556:16:27712919,217,26
1,left_ovary_site_1,1,left_ovary_site_1,117,KIAA0556:16:27712919,155,2
2,righ_pelvic_mass,2,righ_pelvic_mass,117,KIAA0556:16:27712919,211,2
0,brain_metastasis,0,brain_metastasis,118,16:30095236,3811,6696
1,left_ovary_site_1,1,left_ovary_site_1,118,16:30095236,655,661
2,righ_pelvic_mass,2,righ_pelvic_mass,118,16:30095236,1880,1888
0,brain_metastasis,0,brain_metastasis,119,CYLD:16:50813806,48948,6266
1,left_ovary_site_1,1,left_ovary_site_1,119,CYLD:16:50813806,4206,8
2,righ_pelvic_mass,2,righ_pelvic_mass,119,CYLD:16:50813806,11847,32
0,brain_metastasis,0,brain_metastasis,119,CYLD:16:50813806,1428,242
1,left_ovary_site_1,1,left_ovary_site_1,119,CYLD:16:50813806,973,0
2,righ_pelvic_mass,2,righ_pelvic_mass,119,CYLD:16:50813806,2333,4
0,brain_metastasis,0,brain_metastasis,120,16:51101253,8069,8080
1,left_ovary_site_1,1,left_ovary_site_1,120,16:51101253,1387,8
2,righ_pelvic_mass,2,righ_pelvic_mass,120,16:51101253,3983,465
0,brain_metastasis,0,brain_metastasis,121,AC137527.2:16:51281273,18811,8087
1,left_ovary_site_1,1,left_ovary_site_1,121,AC137527.2:16:51281273,2854,5
2,righ_pelvic_mass,2,righ_pelvic_mass,121,AC137527.2:16:51281273,6863,997
0,brain_metastasis,0,brain_metastasis,122,KIFC3:16:57896713,291,612
1,left_ovary_site_1,1,left_ovary_site_1,122,KIFC3:16:57896713,701,6
2,righ_pelvic_mass,2,righ_pelvic_mass,122,KIFC3:16:57896713,1849,6
0,brain_metastasis,0,brain_metastasis,123,16:64963034,6757,4630
1,left_ovary_site_1,1,left_ovary_site_1,123,16:64963034,876,1
2,righ_pelvic_mass,2,righ_pelvic_mass,123,16:64963034,2410,411
0,brain_metastasis,0,brain_metastasis,124,LINC00922:16:65473154,3018,2155
1,left_ovary_site_1,1,left_ovary_site_1,124,LINC00922:16:65473154,278,5
2,righ_pelvic_mass,2,righ_pelvic_mass,124,LINC00922:16:65473154,973,147
0,brain_metastasis,0,brain_metastasis,125,RP11-394B2.6:16:70778141,14278,7765
1,left_ovary_site_1,1,left_ovary_site_1,125,RP11-394B2.6:16:70778141,3402,2
2,righ_pelvic_mass,2,righ_pelvic_mass,125,RP11-394B2.6:16:70778141,4603,781
0,brain_metastasis,0,brain_metastasis,126,16:73952481,1258,3519
1,left_ovary_site_1,1,left_ovary_site_1,126,16:73952481,438,0
2,righ_pelvic_mass,2,righ_pelvic_mass,126,16:73952481,847,146
0,brain_metastasis,0,brain_metastasis,127,16:76979738,5361,0
1,left_ovary_site_1,1,left_ovary_site_1,127,16:76979738,370,0
2,righ_pelvic_mass,2,righ_pelvic_mass,127,16:76979738,1062,197
0,brain_metastasis,0,brain_metastasis,128,16:78148830,1676,374
1,left_ovary_site_1,1,left_ovary_site_1,128,16:78148830,35,215
2,righ_pelvic_mass,2,righ_pelvic_mass,128,16:78148830,387,292
0,brain_metastasis,0,brain_metastasis,129,17:1786046,14442,9791
1,left_ovary_site_1,1,left_ovary_site_1,129,17:1786046,2292,176
2,righ_pelvic_mass,2,righ_pelvic_mass,129,17:1786046,5021,3223
0,brain_metastasis,0,brain_metastasis,130,17:4083127,16864,1019
1,left_ovary_site_1,1,left_ovary_site_1,130,17:4083127,1611,238
2,righ_pelvic_mass,2,righ_pelvic_mass,130,17:4083127,4420,2007
0,brain_metastasis,0,brain_metastasis,131,TP53:17:7578370,21713,13236
1,left_ovary_site_1,1,left_ovary_site_1,131,TP53:17:7578370,860,2586
2,righ_pelvic_mass,2,righ_pelvic_mass,131,TP53:17:7578370,7361,1995
0,brain_metastasis,0,brain_metastasis,131,TP53:17:7578370,225,471
1,left_ovary_site_1,1,left_ovary_site_1,131,TP53:17:7578370,144,288
2,righ_pelvic_mass,2,righ_pelvic_mass,131,TP53:17:7578370,599,274
0,brain_metastasis,0,brain_metastasis,132,SCO1:17:10596250,471,0
1,left_ovary_site_1,1,left_ovary_site_1,132,SCO1:17:10596250,64,144
2,righ_pelvic_mass,2,righ_pelvic_mass,132,SCO1:17:10596250,411,0
0,brain_metastasis,0,brain_metastasis,133,ADORA2B:17:15871462,2333,12137
1,left_ovary_site_1,1,left_ovary_site_1,133,ADORA2B:17:15871462,431,1097
2,righ_pelvic_mass,2,righ_pelvic_mass,133,ADORA2B:17:15871462,3734,798
0,brain_metastasis,0,brain_metastasis,134,DHX58:17:40255801,538,68
1,left_ovary_site_1,1,left_ovary_site_1,134,DHX58:17:40255801,120,0
2,righ_pelvic_mass,2,righ_pelvic_mass,134,DHX58:17:40255801,181,0
0,brain_metastasis,0,brain_metastasis,135,17:41197274,32817,3404
1,left_ovary_site_1,1,left_ovary_site_1,135,17:41197274,2743,159
2,righ_pelvic_mass,2,righ_pelvic_mass,135,17:41197274,5570,3687
0,brain_metastasis,0,brain_metastasis,136,ABCA10:17:67215812,258,0
1,left_ovary_site_1,1,left_ovary_site_1,136,ABCA10:17:67215812,403,200
2,righ_pelvic_mass,2,righ_pelvic_mass,136,ABCA10:17:67215812,684,0
0,brain_metastasis,0,brain_metastasis,137,17:72631872,8859,35026
1,left_ovary_site_1,1,left_ovary_site_1,137,17:72631872,383,2826
2,righ_pelvic_mass,2,righ_pelvic_mass,137,17:72631872,6556,2714
0,brain_metastasis,0,brain_metastasis,138,TRIM65:17:73887332,142,67
1,left_ovary_site_1,1,left_ovary_site_1,138,TRIM65:17:73887332,103,0
2,righ_pelvic_mass,2,righ_pelvic_mass,138,TRIM65:17:73887332,49,0
0,brain_metastasis,0,brain_metastasis,139,18:50913874,4803,0
1,left_ovary_site_1,1,left_ovary_site_1,139,18:50913874,536,1
2,righ_pelvic_mass,2,righ_pelvic_mass,139,18:50913874,1019,156
0,brain_metastasis,0,brain_metastasis,140,18:66775391,13214,15
1,left_ovary_site_1,1,left_ovary_site_1,140,18:66775391,780,567
2,righ_pelvic_mass,2,righ_pelvic_mass,140,18:66775391,3954,669
0,brain_metastasis,0,brain_metastasis,141,18:67916698,25716,18
1,left_ovary_site_1,1,left_ovary_site_1,141,18:67916698,1573,1020
2,righ_pelvic_mass,2,righ_pelvic_mass,141,18:67916698,6203,1275
0,brain_metastasis,0,brain_metastasis,142,19:4910924,3171,1498
1,left_ovary_site_1,1,left_ovary_site_1,142,19:4910924,789,287
2,righ_pelvic_mass,2,righ_pelvic_mass,142,19:4910924,1705,1031
0,brain_metastasis,0,brain_metastasis,143,RFX2:19:6042126,519,0
1,left_ovary_site_1,1,left_ovary_site_1,143,RFX2:19:6042126,270,61
2,righ_pelvic_mass,2,righ_pelvic_mass,143,RFX2:19:6042126,273,0
0,brain_metastasis,0,brain_metastasis,144,ACER1:19:6307205,34,0
1,left_ovary_site_1,1,left_ovary_site_1,144,ACER1:19:6307205,36,14
2,righ_pelvic_mass,2,righ_pelvic_mass,144,ACER1:19:6307205,64,0
0,brain_metastasis,0,brain_metastasis,145,RAB11B:19:8467142,119,140
1,left_ovary_site_1,1,left_ovary_site_1,145,RAB11B:19:8467142,58,107
2,righ_pelvic_mass,2,righ_pelvic_mass,145,RAB11B:19:8467142,42,9
0,brain_metastasis,0,brain_metastasis,146,OR2Z1:19:8842321,590,1158
1,left_ovary_site_1,1,left_ovary_site_1,146,OR2Z1:19:8842321,1576,0
2,righ_pelvic_mass,2,righ_pelvic_mass,146,OR2Z1:19:8842321,1807,0
0,brain_metastasis,0,brain_metastasis,147,19:15990590,492,0
1,left_ovary_site_1,1,left_ovary_site_1,147,19:15990590,130,69
2,righ_pelvic_mass,2,righ_pelvic_mass,147,19:15990590,123,0
0,brain_metastasis,0,brain_metastasis,148,JAK3:19:17943640,1287,0
1,left_ovary_site_1,1,left_ovary_site_1,148,JAK3:19:17943640,149,65
2,righ_pelvic_mass,2,righ_pelvic_mass,148,JAK3:19:17943640,477,0
0,brain_metastasis,0,brain_metastasis,148,JAK3:19:17943640,451,0
1,left_ovary_site_1,1,left_ovary_site_1,148,JAK3:19:17943640,125,60
2,righ_pelvic_mass,2,righ_pelvic_mass,148,JAK3:19:17943640,87,0
0,brain_metastasis,0,brain_metastasis,149,19:37643576,402,266
1,left_ovary_site_1,1,left_ovary_site_1,149,19:37643576,634,2
2,righ_pelvic_mass,2,righ_pelvic_mass,149,19:37643576,1035,6
0,brain_metastasis,0,brain_metastasis,150,19:38897576,668,135
1,left_ovary_site_1,1,left_ovary_site_1,150,19:38897576,222,0
2,righ_pelvic_mass,2,righ_pelvic_mass,150,19:38897576,311,0
0,brain_metastasis,0,brain_metastasis,151,19:38996066,44185,85
1,left_ovary_site_1,1,left_ovary_site_1,151,19:38996066,1596,1068
2,righ_pelvic_mass,2,righ_pelvic_mass,151,19:38996066,6858,3206
0,brain_metastasis,0,brain_metastasis,152,EML2:19:46130051,241,246
1,left_ovary_site_1,1,left_ovary_site_1,152,EML2:19:46130051,169,0
2,righ_pelvic_mass,2,righ_pelvic_mass,152,EML2:19:46130051,297,0
0,brain_metastasis,0,brain_metastasis,153,19:47548574,10,0
1,left_ovary_site_1,1,left_ovary_site_1,153,19:47548574,10,0
2,righ_pelvic_mass,2,righ_pelvic_mass,153,19:47548574,11,0
0,brain_metastasis,0,brain_metastasis,154,19:51957486,835,360
1,left_ovary_site_1,1,left_ovary_site_1,154,19:51957486,541,397
2,righ_pelvic_mass,2,righ_pelvic_mass,154,19:51957486,1557,40
0,brain_metastasis,0,brain_metastasis,155,19:53668441,415,212
1,left_ovary_site_1,1,left_ovary_site_1,155,19:53668441,478,0
2,righ_pelvic_mass,2,righ_pelvic_mass,155,19:53668441,650,0
0,brain_metastasis,0,brain_metastasis,156,LILRA4:19:54849908,925,0
1,left_ovary_site_1,1,left_ovary_site_1,156,LILRA4:19:54849908,422,364
2,righ_pelvic_mass,2,righ_pelvic_mass,156,LILRA4:19:54849908,506,32
0,brain_metastasis,0,brain_metastasis,157,KLF11:2:10187838,492,208
1,left_ovary_site_1,1,left_ovary_site_1,157,KLF11:2:10187838,203,0
2,righ_pelvic_mass,2,righ_pelvic_mass,157,KLF11:2:10187838,346,0
0,brain_metastasis,0,brain_metastasis,158,2:10187914,439,136
1,left_ovary_site_1,1,left_ovary_site_1,158,2:10187914,180,0
2,righ_pelvic_mass,2,righ_pelvic_mass,158,2:10187914,330,2
0,brain_metastasis,0,brain_metastasis,159,2:30555757,24558,10525
1,left_ovary_site_1,1,left_ovary_site_1,159,2:30555757,1395,1085
2,righ_pelvic_mass,2,righ_pelvic_mass,159,2:30555757,7693,1496
0,brain_metastasis,0,brain_metastasis,160,2:36330763,6750,8231
1,left_ovary_site_1,1,left_ovary_site_1,160,2:36330763,843,0
2,righ_pelvic_mass,2,righ_pelvic_mass,160,2:36330763,4710,2
0,brain_metastasis,0,brain_metastasis,161,THADA:2:43726094,1369,0
1,left_ovary_site_1,1,left_ovary_site_1,161,THADA:2:43726094,873,536
2,righ_pelvic_mass,2,righ_pelvic_mass,161,THADA:2:43726094,1299,282
0,brain_metastasis,0,brain_metastasis,162,LINC01121:2:45543797,42994,33
1,left_ovary_site_1,1,left_ovary_site_1,162,LINC01121:2:45543797,2094,873
2,righ_pelvic_mass,2,righ_pelvic_mass,162,LINC01121:2:45543797,10475,7
0,brain_metastasis,0,brain_metastasis,163,SERTAD2:2:64863163,956,193
1,left_ovary_site_1,1,left_ovary_site_1,163,SERTAD2:2:64863163,375,0
2,righ_pelvic_mass,2,righ_pelvic_mass,163,SERTAD2:2:64863163,356,0
0,brain_metastasis,0,brain_metastasis,164,TSGA10:2:99635039,1125,260
1,left_ovary_site_1,1,left_ovary_site_1,164,TSGA10:2:99635039,1799,0
2,righ_pelvic_mass,2,righ_pelvic_mass,164,TSGA10:2:99635039,2122,6
0,brain_metastasis,0,brain_metastasis,165,NCKAP5:2:133541937,362,275
1,left_ovary_site_1,1,left_ovary_site_1,165,NCKAP5:2:133541937,983,571
2,righ_pelvic_mass,2,righ_pelvic_mass,165,NCKAP5:2:133541937,1916,372
0,brain_metastasis,0,brain_metastasis,166,NEB:2:152381777,646,217
1,left_ovary_site_1,1,left_ovary_site_1,166,NEB:2:152381777,1724,2
2,righ_pelvic_mass,2,righ_pelvic_mass,166,NEB:2:152381777,1747,10
0,brain_metastasis,0,brain_metastasis,167,NEB:2:152466444,1241,0
1,left_ovary_site_1,1,left_ovary_site_1,167,NEB:2:152466444,1255,1772
2,righ_pelvic_mass,2,righ_pelvic_mass,167,NEB:2:152466444,2323,501
0,brain_metastasis,0,brain_metastasis,168,2:155913381,2161,1319
1,left_ovary_site_1,1,left_ovary_site_1,168,2:155913381,293,0
2,righ_pelvic_mass,2,righ_pelvic_mass,168,2:155913381,942,0
0,brain_metastasis,0,brain_metastasis,169,RAPGEF4:2:173919366,16332,2
1,left_ovary_site_1,1,left_ovary_site_1,169,RAPGEF4:2:173919366,698,1223
2,righ_pelvic_mass,2,righ_pelvic_mass,169,RAPGEF4:2:173919366,3931,0
0,brain_metastasis,0,brain_metastasis,170,AC018890.6:2:175460648,10721,2887
1,left_ovary_site_1,1,left_ovary_site_1,170,AC018890.6:2:175460648,1718,0
2,righ_pelvic_mass,2,righ_pelvic_mass,170,AC018890.6:2:175460648,2333,0
0,brain_metastasis,0,brain_metastasis,171,ZNF385B:2:180685578,17061,7424
1,left_ovary_site_1,1,left_ovary_site_1,171,ZNF385B:2:180685578,2102,1
2,righ_pelvic_mass,2,righ_pelvic_mass,171,ZNF385B:2:180685578,3064,0
0,brain_metastasis,0,brain_metastasis,172,AC104820.2:2:182185674,29988,6
1,left_ovary_site_1,1,left_ovary_site_1,172,AC104820.2:2:182185674,2782,2
2,righ_pelvic_mass,2,righ_pelvic_mass,172,AC104820.2:2:182185674,6756,981
0,brain_metastasis,0,brain_metastasis,173,2:198065053,22670,12198
1,left_ovary_site_1,1,left_ovary_site_1,173,2:198065053,1194,1142
2,righ_pelvic_mass,2,righ_pelvic_mass,173,2:198065053,6471,4905
0,brain_metastasis,0,brain_metastasis,174,2:217939304,22240,1
1,left_ovary_site_1,1,left_ovary_site_1,174,2:217939304,468,813
2,righ_pelvic_mass,2,righ_pelvic_mass,174,2:217939304,3939,819
0,brain_metastasis,0,brain_metastasis,175,SLC11A1:2:219247814,770,710
1,left_ovary_site_1,1,left_ovary_site_1,175,SLC11A1:2:219247814,854,0
2,righ_pelvic_mass,2,righ_pelvic_mass,175,SLC11A1:2:219247814,735,0
0,brain_metastasis,0,brain_metastasis,176,2:224494031,10665,6624
1,left_ovary_site_1,1,left_ovary_site_1,176,2:224494031,829,1163
2,righ_pelvic_mass,2,righ_pelvic_mass,176,2:224494031,3720,8
0,brain_metastasis,0,brain_metastasis,177,SLC16A14:2:230910679,1078,0
1,left_ovary_site_1,1,left_ovary_site_1,177,SLC16A14:2:230910679,1030,460
2,righ_pelvic_mass,2,righ_pelvic_mass,177,SLC16A14:2:230910679,831,270
0,brain_metastasis,0,brain_metastasis,178,PAK7:20:9561439,1499,916
1,left_ovary_site_1,1,left_ovary_site_1,178,PAK7:20:9561439,1515,0
2,righ_pelvic_mass,2,righ_pelvic_mass,178,PAK7:20:9561439,1970,6
0,brain_metastasis,0,brain_metastasis,179,20:33394868,18054,2375
1,left_ovary_site_1,1,left_ovary_site_1,179,20:33394868,898,927
2,righ_pelvic_mass,2,righ_pelvic_mass,179,20:33394868,2677,2217
0,brain_metastasis,0,brain_metastasis,180,KIAA1755:20:36874388,394,596
1,left_ovary_site_1,1,left_ovary_site_1,180,KIAA1755:20:36874388,469,261
2,righ_pelvic_mass,2,righ_pelvic_mass,180,KIAA1755:20:36874388,1058,220
0,brain_metastasis,0,brain_metastasis,181,SLC13A3:20:45188782,231,833
1,left_ovary_site_1,1,left_ovary_site_1,181,SLC13A3:20:45188782,381,350
2,righ_pelvic_mass,2,righ_pelvic_mass,181,SLC13A3:20:45188782,736,157
0,brain_metastasis,0,brain_metastasis,182,MC3R:20:54824853,2273,2
1,left_ovary_site_1,1,left_ovary_site_1,182,MC3R:20:54824853,3166,926
2,righ_pelvic_mass,2,righ_pelvic_mass,182,MC3R:20:54824853,2625,451
0,brain_metastasis,0,brain_metastasis,183,BMP7:20:55803466,1691,5
1,left_ovary_site_1,1,left_ovary_site_1,183,BMP7:20:55803466,1411,404
2,righ_pelvic_mass,2,righ_pelvic_mass,183,BMP7:20:55803466,938,2
0,brain_metastasis,0,brain_metastasis,184,20:57979117,38560,0
1,left_ovary_site_1,1,left_ovary_site_1,184,20:57979117,2414,669
2,righ_pelvic_mass,2,righ_pelvic_mass,184,20:57979117,7449,1078
0,brain_metastasis,0,brain_metastasis,185,20:60770918,1673,0
1,left_ovary_site_1,1,left_ovary_site_1,185,20:60770918,529,190
2,righ_pelvic_mass,2,righ_pelvic_mass,185,20:60770918,521,111
0,brain_metastasis,0,brain_metastasis,186,21:15868977,20482,0
1,left_ovary_site_1,1,left_ovary_site_1,186,21:15868977,1828,0
2,righ_pelvic_mass,2,righ_pelvic_mass,186,21:15868977,5341,503
0,brain_metastasis,0,brain_metastasis,187,21:18065933,27645,8
1,left_ovary_site_1,1,left_ovary_site_1,187,21:18065933,1439,2250
2,righ_pelvic_mass,2,righ_pelvic_mass,187,21:18065933,7974,3
0,brain_metastasis,0,brain_metastasis,188,JAM2:21:27025188,14844,4671
1,left_ovary_site_1,1,left_ovary_site_1,188,JAM2:21:27025188,1618,0
2,righ_pelvic_mass,2,righ_pelvic_mass,188,JAM2:21:27025188,6749,1
0,brain_metastasis,0,brain_metastasis,189,SYNJ1:21:34015719,1169,2
1,left_ovary_site_1,1,left_ovary_site_1,189,SYNJ1:21:34015719,463,247
2,righ_pelvic_mass,2,righ_pelvic_mass,189,SYNJ1:21:34015719,683,0
0,brain_metastasis,0,brain_metastasis,190,IFNAR1:21:34707875,750,507
1,left_ovary_site_1,1,left_ovary_site_1,190,IFNAR1:21:34707875,1219,0
2,righ_pelvic_mass,2,righ_pelvic_mass,190,IFNAR1:21:34707875,1167,0
0,brain_metastasis,0,brain_metastasis,191,ITGB2:21:46311852,131,194
1,left_ovary_site_1,1,left_ovary_site_1,191,ITGB2:21:46311852,66,0
2,righ_pelvic_mass,2,righ_pelvic_mass,191,ITGB2:21:46311852,28,0
0,brain_metastasis,0,brain_metastasis,192,RAB36:22:23508617,10261,1
1,left_ovary_site_1,1,left_ovary_site_1,192,RAB36:22:23508617,806,582
2,righ_pelvic_mass,2,righ_pelvic_mass,192,RAB36:22:23508617,3906,827
0,brain_metastasis,0,brain_metastasis,193,GGT5:22:24629937,598,2
1,left_ovary_site_1,1,left_ovary_site_1,193,GGT5:22:24629937,96,51
2,righ_pelvic_mass,2,righ_pelvic_mass,193,GGT5:22:24629937,128,56
0,brain_metastasis,0,brain_metastasis,194,CRYBB1:22:27003968,535,0
1,left_ovary_site_1,1,left_ovary_site_1,194,CRYBB1:22:27003968,254,189
2,righ_pelvic_mass,2,righ_pelvic_mass,194,CRYBB1:22:27003968,402,138
0,brain_metastasis,0,brain_metastasis,195,TMPRSS6:22:37467025,491,229
1,left_ovary_site_1,1,left_ovary_site_1,195,TMPRSS6:22:37467025,172,0
2,righ_pelvic_mass,2,righ_pelvic_mass,195,TMPRSS6:22:37467025,176,0
0,brain_metastasis,0,brain_metastasis,196,NPTXR:22:39219218,1188,487
1,left_ovary_site_1,1,left_ovary_site_1,196,NPTXR:22:39219218,597,0
2,righ_pelvic_mass,2,righ_pelvic_mass,196,NPTXR:22:39219218,538,0
0,brain_metastasis,0,brain_metastasis,197,LMF2:22:50943917,112,0
1,left_ovary_site_1,1,left_ovary_site_1,197,LMF2:22:50943917,20,8
2,righ_pelvic_mass,2,righ_pelvic_mass,197,LMF2:22:50943917,12,0
0,brain_metastasis,0,brain_metastasis,198,snoU13:3:4917521,9112,9333
1,left_ovary_site_1,1,left_ovary_site_1,198,snoU13:3:4917521,791,534
2,righ_pelvic_mass,2,righ_pelvic_mass,198,snoU13:3:4917521,4501,8
0,brain_metastasis,0,brain_metastasis,199,ATP2B2:3:10491684,10241,20940
1,left_ovary_site_1,1,left_ovary_site_1,199,ATP2B2:3:10491684,2419,0
2,righ_pelvic_mass,2,righ_pelvic_mass,199,ATP2B2:3:10491684,7718,3
0,brain_metastasis,0,brain_metastasis,200,3:15997595,9087,10441
1,left_ovary_site_1,1,left_ovary_site_1,200,3:15997595,1194,882
2,righ_pelvic_mass,2,righ_pelvic_mass,200,3:15997595,4170,3
0,brain_metastasis,0,brain_metastasis,201,KCNH8:3:19516989,3725,10704
1,left_ovary_site_1,1,left_ovary_site_1,201,KCNH8:3:19516989,1649,1016
2,righ_pelvic_mass,2,righ_pelvic_mass,201,KCNH8:3:19516989,4088,13
0,brain_metastasis,0,brain_metastasis,202,ERC2:3:56504813,883,4473
1,left_ovary_site_1,1,left_ovary_site_1,202,ERC2:3:56504813,530,1
2,righ_pelvic_mass,2,righ_pelvic_mass,202,ERC2:3:56504813,826,0
0,brain_metastasis,0,brain_metastasis,203,EOGT:3:69056904,951,663
1,left_ovary_site_1,1,left_ovary_site_1,203,EOGT:3:69056904,594,0
2,righ_pelvic_mass,2,righ_pelvic_mass,203,EOGT:3:69056904,1045,2
0,brain_metastasis,0,brain_metastasis,204,RP11-314M24.1:3:78329698,0,0
1,left_ovary_site_1,1,left_ovary_site_1,204,RP11-314M24.1:3:78329698,0,0
2,righ_pelvic_mass,2,righ_pelvic_mass,204,RP11-314M24.1:3:78329698,0,0
0,brain_metastasis,0,brain_metastasis,205,3:89137762,3944,0
1,left_ovary_site_1,1,left_ovary_site_1,205,3:89137762,329,0
2,righ_pelvic_mass,2,righ_pelvic_mass,205,3:89137762,766,109
0,brain_metastasis,0,brain_metastasis,206,BBX:3:107492152,722,0
1,left_ovary_site_1,1,left_ovary_site_1,206,BBX:3:107492152,455,315
2,righ_pelvic_mass,2,righ_pelvic_mass,206,BBX:3:107492152,1256,0
0,brain_metastasis,0,brain_metastasis,207,CD47:3:107808385,12368,0
1,left_ovary_site_1,1,left_ovary_site_1,207,CD47:3:107808385,852,555
2,righ_pelvic_mass,2,righ_pelvic_mass,207,CD47:3:107808385,3092,0
0,brain_metastasis,0,brain_metastasis,208,GOLGB1:3:121417127,1009,2
1,left_ovary_site_1,1,left_ovary_site_1,208,GOLGB1:3:121417127,347,302
2,righ_pelvic_mass,2,righ_pelvic_mass,208,GOLGB1:3:121417127,1193,0
0,brain_metastasis,0,brain_metastasis,209,HEG1:3:124732049,729,882
1,left_ovary_site_1,1,left_ovary_site_1,209,HEG1:3:124732049,1027,725
2,righ_pelvic_mass,2,righ_pelvic_mass,209,HEG1:3:124732049,1196,308
0,brain_metastasis,0,brain_metastasis,210,HLTF:3:148789042,1504,0
1,left_ovary_site_1,1,left_ovary_site_1,210,HLTF:3:148789042,1096,470
2,righ_pelvic_mass,2,righ_pelvic_mass,210,HLTF:3:148789042,1602,284
0,brain_metastasis,0,brain_metastasis,211,3:163986731,3568,756
1,left_ovary_site_1,1,left_ovary_site_1,211,3:163986731,237,0
2,righ_pelvic_mass,2,righ_pelvic_mass,211,3:163986731,1250,2
0,brain_metastasis,0,brain_metastasis,212,3:183756003,1166,735
1,left_ovary_site_1,1,left_ovary_site_1,212,3:183756003,3056,4
2,righ_pelvic_mass,2,righ_pelvic_mass,212,3:183756003,2883,0
0,brain_metastasis,0,brain_metastasis,213,4:5690902,10989,19684
1,left_ovary_site_1,1,left_ovary_site_1,213,4:5690902,881,1665
2,righ_pelvic_mass,2,righ_pelvic_mass,213,4:5690902,3271,3835
0,brain_metastasis,0,brain_metastasis,214,RP11-341G5.1:4:13842273,30178,3
1,left_ovary_site_1,1,left_ovary_site_1,214,RP11-341G5.1:4:13842273,2223,0
2,righ_pelvic_mass,2,righ_pelvic_mass,214,RP11-341G5.1:4:13842273,7566,1294
0,brain_metastasis,0,brain_metastasis,215,LDB2:4:16511877,5586,7324
1,left_ovary_site_1,1,left_ovary_site_1,215,LDB2:4:16511877,415,1193
2,righ_pelvic_mass,2,righ_pelvic_mass,215,LDB2:4:16511877,2859,627
0,brain_metastasis,0,brain_metastasis,216,KCTD8:4:44176925,366,580
1,left_ovary_site_1,1,left_ovary_site_1,216,KCTD8:4:44176925,105,258
2,righ_pelvic_mass,2,righ_pelvic_mass,216,KCTD8:4:44176925,486,232
0,brain_metastasis,0,brain_metastasis,217,4:48332206,6741,3734
1,left_ovary_site_1,1,left_ovary_site_1,217,4:48332206,462,198
2,righ_pelvic_mass,2,righ_pelvic_mass,217,4:48332206,2909,417
0,brain_metastasis,0,brain_metastasis,218,4:61328317,14932,25
1,left_ovary_site_1,1,left_ovary_site_1,218,4:61328317,1278,566
2,righ_pelvic_mass,2,righ_pelvic_mass,218,4:61328317,3014,498
0,brain_metastasis,0,brain_metastasis,219,LPHN3:4:62730906,2620,1269
1,left_ovary_site_1,1,left_ovary_site_1,219,LPHN3:4:62730906,183,223
2,righ_pelvic_mass,2,righ_pelvic_mass,219,LPHN3:4:62730906,1047,178
0,brain_metastasis,0,brain_metastasis,220,RP11-777B9.1:4:78882267,11299,9796
1,left_ovary_site_1,1,left_ovary_site_1,220,RP11-777B9.1:4:78882267,1116,524
2,righ_pelvic_mass,2,righ_pelvic_mass,220,RP11-777B9.1:4:78882267,4488,867
0,brain_metastasis,0,brain_metastasis,221,RP11-8L2.1:4:84717933,16810,3000
1,left_ovary_site_1,1,left_ovary_site_1,221,RP11-8L2.1:4:84717933,2412,1
2,righ_pelvic_mass,2,righ_pelvic_mass,221,RP11-8L2.1:4:84717933,5097,0
0,brain_metastasis,0,brain_metastasis,222,4:100201429,762,173
1,left_ovary_site_1,1,left_ovary_site_1,222,4:100201429,1080,0
2,righ_pelvic_mass,2,righ_pelvic_mass,222,4:100201429,2088,0
0,brain_metastasis,0,brain_metastasis,223,SYNPO2:4:119806127,10851,11922
1,left_ovary_site_1,1,left_ovary_site_1,223,SYNPO2:4:119806127,901,2116
2,righ_pelvic_mass,2,righ_pelvic_mass,223,SYNPO2:4:119806127,6158,2090
0,brain_metastasis,0,brain_metastasis,224,SYNPO2:4:119951866,351,220
1,left_ovary_site_1,1,left_ovary_site_1,224,SYNPO2:4:119951866,457,2
2,righ_pelvic_mass,2,righ_pelvic_mass,224,SYNPO2:4:119951866,1301,0
0,brain_metastasis,0,brain_metastasis,225,KIAA1109:4:123167427,362,583
1,left_ovary_site_1,1,left_ovary_site_1,225,KIAA1109:4:123167427,297,729
2,righ_pelvic_mass,2,righ_pelvic_mass,225,KIAA1109:4:123167427,1323,721
0,brain_metastasis,0,brain_metastasis,226,SLC7A11:4:139097252,262,869
1,left_ovary_site_1,1,left_ovary_site_1,226,SLC7A11:4:139097252,16,76
2,righ_pelvic_mass,2,righ_pelvic_mass,226,SLC7A11:4:139097252,167,50
0,brain_metastasis,0,brain_metastasis,227,INPP4B:4:143606615,320,1573
1,left_ovary_site_1,1,left_ovary_site_1,227,INPP4B:4:143606615,283,2
2,righ_pelvic_mass,2,righ_pelvic_mass,227,INPP4B:4:143606615,453,0
0,brain_metastasis,0,brain_metastasis,228,4:154513627,26089,4652
1,left_ovary_site_1,1,left_ovary_site_1,228,4:154513627,2265,287
2,righ_pelvic_mass,2,righ_pelvic_mass,228,4:154513627,5238,2884
0,brain_metastasis,0,brain_metastasis,229,FSTL5:4:162697197,537,0
1,left_ovary_site_1,1,left_ovary_site_1,229,FSTL5:4:162697197,130,354
2,righ_pelvic_mass,2,righ_pelvic_mass,229,FSTL5:4:162697197,823,233
0,brain_metastasis,0,brain_metastasis,230,4:184961830,9261,4931
1,left_ovary_site_1,1,left_ovary_site_1,230,4:184961830,1545,2
2,righ_pelvic_mass,2,righ_pelvic_mass,230,4:184961830,4806,1
0,brain_metastasis,0,brain_metastasis,231,LINC01019:5:3474546,1130,0
1,left_ovary_site_1,1,left_ovary_site_1,231,LINC01019:5:3474546,72,21
2,righ_pelvic_mass,2,righ_pelvic_mass,231,LINC01019:5:3474546,214,0
0,brain_metastasis,0,brain_metastasis,232,CTD-2207A17.1:5:38144723,3623,3656
1,left_ovary_site_1,1,left_ovary_site_1,232,CTD-2207A17.1:5:38144723,449,180
2,righ_pelvic_mass,2,righ_pelvic_mass,232,CTD-2207A17.1:5:38144723,1924,355
0,brain_metastasis,0,brain_metastasis,233,MROH2B:5:41067269,601,380
1,left_ovary_site_1,1,left_ovary_site_1,233,MROH2B:5:41067269,1541,2
2,righ_pelvic_mass,2,righ_pelvic_mass,233,MROH2B:5:41067269,1527,0
0,brain_metastasis,0,brain_metastasis,234,NNT:5:43628411,1618,0
1,left_ovary_site_1,1,left_ovary_site_1,234,NNT:5:43628411,1433,384
2,righ_pelvic_mass,2,righ_pelvic_mass,234,NNT:5:43628411,1918,0
0,brain_metastasis,0,brain_metastasis,235,MCIDAS:5:54526792,29192,2
1,left_ovary_site_1,1,left_ovary_site_1,235,MCIDAS:5:54526792,990,1537
2,righ_pelvic_mass,2,righ_pelvic_mass,235,MCIDAS:5:54526792,8262,1200
0,brain_metastasis,0,brain_metastasis,236,CTD-2275D24.4:5:73605537,19869,23748
1,left_ovary_site_1,1,left_ovary_site_1,236,CTD-2275D24.4:5:73605537,482,1737
2,righ_pelvic_mass,2,righ_pelvic_mass,236,CTD-2275D24.4:5:73605537,6461,1751
0,brain_metastasis,0,brain_metastasis,237,5:97319779,13281,0
1,left_ovary_site_1,1,left_ovary_site_1,237,5:97319779,1857,0
2,righ_pelvic_mass,2,righ_pelvic_mass,237,5:97319779,2670,0
0,brain_metastasis,0,brain_metastasis,238,BRD8:5:137507769,310,160
1,left_ovary_site_1,1,left_ovary_site_1,238,BRD8:5:137507769,739,0
2,righ_pelvic_mass,2,righ_pelvic_mass,238,BRD8:5:137507769,838,0
0,brain_metastasis,0,brain_metastasis,239,5:138259985,1065,2763
1,left_ovary_site_1,1,left_ovary_site_1,239,5:138259985,104,336
2,righ_pelvic_mass,2,righ_pelvic_mass,239,5:138259985,349,890
0,brain_metastasis,0,brain_metastasis,240,PCDHAC2:5:140346598,28,0
1,left_ovary_site_1,1,left_ovary_site_1,240,PCDHAC2:5:140346598,12,0
2,righ_pelvic_mass,2,righ_pelvic_mass,240,PCDHAC2:5:140346598,16,6
0,brain_metastasis,0,brain_metastasis,241,FAT2:5:150885297,529,0
1,left_ovary_site_1,1,left_ovary_site_1,241,FAT2:5:150885297,731,224
2,righ_pelvic_mass,2,righ_pelvic_mass,241,FAT2:5:150885297,735,0
0,brain_metastasis,0,brain_metastasis,242,THG1L:5:157162383,19551,0
1,left_ovary_site_1,1,left_ovary_site_1,242,THG1L:5:157162383,2298,0
2,righ_pelvic_mass,2,righ_pelvic_mass,242,THG1L:5:157162383,4715,496
0,brain_metastasis,0,brain_metastasis,243,EBF1:5:158439916,9541,6048
1,left_ovary_site_1,1,left_ovary_site_1,243,EBF1:5:158439916,1054,447
2,righ_pelvic_mass,2,righ_pelvic_mass,243,EBF1:5:158439916,3741,773
0,brain_metastasis,0,brain_metastasis,244,CDHR2:5:176011954,436,2
1,left_ovary_site_1,1,left_ovary_site_1,244,CDHR2:5:176011954,185,87
2,righ_pelvic_mass,2,righ_pelvic_mass,244,CDHR2:5:176011954,144,0
0,brain_metastasis,0,brain_metastasis,245,OR2V1:5:180551669,556,403
1,left_ovary_site_1,1,left_ovary_site_1,245,OR2V1:5:180551669,940,0
2,righ_pelvic_mass,2,righ_pelvic_mass,245,OR2V1:5:180551669,755,0
0,brain_metastasis,0,brain_metastasis,246,6:1873259,34099,10
1,left_ovary_site_1,1,left_ovary_site_1,246,6:1873259,3578,2
2,righ_pelvic_mass,2,righ_pelvic_mass,246,6:1873259,5368,1532
0,brain_metastasis,0,brain_metastasis,247,6:9361395,25992,4
1,left_ovary_site_1,1,left_ovary_site_1,247,6:9361395,1516,789
2,righ_pelvic_mass,2,righ_pelvic_mass,247,6:9361395,6315,0
0,brain_metastasis,0,brain_metastasis,248,6:21381252,30127,8871
1,left_ovary_site_1,1,left_ovary_site_1,248,6:21381252,3019,1262
2,righ_pelvic_mass,2,righ_pelvic_mass,248,6:21381252,8548,2
0,brain_metastasis,0,brain_metastasis,249,6:21557901,23745,3737
1,left_ovary_site_1,1,left_ovary_site_1,249,6:21557901,1415,2
2,righ_pelvic_mass,2,righ_pelvic_mass,249,6:21557901,3905,8
0,brain_metastasis,0,brain_metastasis,250,6:23707702,32530,3347
1,left_ovary_site_1,1,left_ovary_site_1,250,6:23707702,3473,0
2,righ_pelvic_mass,2,righ_pelvic_mass,250,6:23707702,5595,1
0,brain_metastasis,0,brain_metastasis,251,OR2B2:6:27879871,138,42
1,left_ovary_site_1,1,left_ovary_site_1,251,OR2B2:6:27879871,102,52
2,righ_pelvic_mass,2,righ_pelvic_mass,251,OR2B2:6:27879871,214,53
0,brain_metastasis,0,brain_metastasis,252,MSH5-SAPCD1:6:31730195,21751,6719
1,left_ovary_site_1,1,left_ovary_site_1,252,MSH5-SAPCD1:6:31730195,2847,0
2,righ_pelvic_mass,2,righ_pelvic_mass,252,MSH5-SAPCD1:6:31730195,8581,0
0,brain_metastasis,0,brain_metastasis,252,MSH5-SAPCD1:6:31730195,1500,386
1,left_ovary_site_1,1,left_ovary_site_1,252,MSH5-SAPCD1:6:31730195,765,0
2,righ_pelvic_mass,2,righ_pelvic_mass,252,MSH5-SAPCD1:6:31730195,933,0
0,brain_metastasis,0,brain_metastasis,253,ETV7:6:36336832,627,46
1,left_ovary_site_1,1,left_ovary_site_1,253,ETV7:6:36336832,190,0
2,righ_pelvic_mass,2,righ_pelvic_mass,253,ETV7:6:36336832,276,0
0,brain_metastasis,0,brain_metastasis,254,RAB44:6:36690507,353,81
1,left_ovary_site_1,1,left_ovary_site_1,254,RAB44:6:36690507,145,0
2,righ_pelvic_mass,2,righ_pelvic_mass,254,RAB44:6:36690507,94,0
0,brain_metastasis,0,brain_metastasis,255,FGD2:6:36981434,1362,0
1,left_ovary_site_1,1,left_ovary_site_1,255,FGD2:6:36981434,446,390
2,righ_pelvic_mass,2,righ_pelvic_mass,255,FGD2:6:36981434,762,4
0,brain_metastasis,0,brain_metastasis,256,TFEB:6:41653923,20141,6543
1,left_ovary_site_1,1,left_ovary_site_1,256,TFEB:6:41653923,2203,1740
2,righ_pelvic_mass,2,righ_pelvic_mass,256,TFEB:6:41653923,8320,1463
0,brain_metastasis,0,brain_metastasis,256,TFEB:6:41653923,302,201
1,left_ovary_site_1,1,left_ovary_site_1,256,TFEB:6:41653923,80,73
2,righ_pelvic_mass,2,righ_pelvic_mass,256,TFEB:6:41653923,142,47
0,brain_metastasis,0,brain_metastasis,257,BMP5:6:55739189,488,257
1,left_ovary_site_1,1,left_ovary_site_1,257,BMP5:6:55739189,551,567
2,righ_pelvic_mass,2,righ_pelvic_mass,257,BMP5:6:55739189,1238,528
0,brain_metastasis,0,brain_metastasis,258,AL121931.1:6:63437778,15036,0
1,left_ovary_site_1,1,left_ovary_site_1,258,AL121931.1:6:63437778,1542,0
2,righ_pelvic_mass,2,righ_pelvic_mass,258,AL121931.1:6:63437778,2641,1360
0,brain_metastasis,0,brain_metastasis,259,SMAP1:6:71501447,812,146
1,left_ovary_site_1,1,left_ovary_site_1,259,SMAP1:6:71501447,1236,0
2,righ_pelvic_mass,2,righ_pelvic_mass,259,SMAP1:6:71501447,1893,0
0,brain_metastasis,0,brain_metastasis,260,6:91143776,29845,11
1,left_ovary_site_1,1,left_ovary_site_1,260,6:91143776,2801,6
2,righ_pelvic_mass,2,righ_pelvic_mass,260,6:91143776,5533,307
0,brain_metastasis,0,brain_metastasis,261,6:127898545,200,0
1,left_ovary_site_1,1,left_ovary_site_1,261,6:127898545,377,0
2,righ_pelvic_mass,2,righ_pelvic_mass,261,6:127898545,594,0
0,brain_metastasis,0,brain_metastasis,262,6:153314073,216,396
1,left_ovary_site_1,1,left_ovary_site_1,262,6:153314073,24,129
2,righ_pelvic_mass,2,righ_pelvic_mass,262,6:153314073,496,249
0,brain_metastasis,0,brain_metastasis,263,PACRG:6:163666192,14420,543
1,left_ovary_site_1,1,left_ovary_site_1,263,PACRG:6:163666192,1909,0
2,righ_pelvic_mass,2,righ_pelvic_mass,263,PACRG:6:163666192,4252,0
0,brain_metastasis,0,brain_metastasis,264,7:7703472,7373,2475
1,left_ovary_site_1,1,left_ovary_site_1,264,7:7703472,723,88
2,righ_pelvic_mass,2,righ_pelvic_mass,264,7:7703472,1731,1468
0,brain_metastasis,0,brain_metastasis,265,7:7724805,2035,822
1,left_ovary_site_1,1,left_ovary_site_1,265,7:7724805,244,38
2,righ_pelvic_mass,2,righ_pelvic_mass,265,7:7724805,439,348
0,brain_metastasis,0,brain_metastasis,266,AC023669.1:7:46324301,11194,0
1,left_ovary_site_1,1,left_ovary_site_1,266,AC023669.1:7:46324301,540,404
2,righ_pelvic_mass,2,righ_pelvic_mass,266,AC023669.1:7:46324301,2592,0
0,brain_metastasis,0,brain_metastasis,267,7:49459603,9630,3
1,left_ovary_site_1,1,left_ovary_site_1,267,7:49459603,1047,1
2,righ_pelvic_mass,2,righ_pelvic_mass,267,7:49459603,2156,212
0,brain_metastasis,0,brain_metastasis,268,7:62753202,530,0
1,left_ovary_site_1,1,left_ovary_site_1,268,7:62753202,125,632
2,righ_pelvic_mass,2,righ_pelvic_mass,268,7:62753202,900,0
0,brain_metastasis,0,brain_metastasis,269,7:68557211,7937,9066
1,left_ovary_site_1,1,left_ovary_site_1,269,7:68557211,1054,435
2,righ_pelvic_mass,2,righ_pelvic_mass,269,7:68557211,3042,0
0,brain_metastasis,0,brain_metastasis,270,PCLO:7:82455933,2300,839
1,left_ovary_site_1,1,left_ovary_site_1,270,PCLO:7:82455933,167,39
2,righ_pelvic_mass,2,righ_pelvic_mass,270,PCLO:7:82455933,848,0
0,brain_metastasis,0,brain_metastasis,270,PCLO:7:82455933,905,534
1,left_ovary_site_1,1,left_ovary_site_1,270,PCLO:7:82455933,2865,1128
2,righ_pelvic_mass,2,righ_pelvic_mass,270,PCLO:7:82455933,3024,6
0,brain_metastasis,0,brain_metastasis,271,7:85127700,8734,0
1,left_ovary_site_1,1,left_ovary_site_1,271,7:85127700,874,330
2,righ_pelvic_mass,2,righ_pelvic_mass,271,7:85127700,1501,250
0,brain_metastasis,0,brain_metastasis,272,ZNF804B:7:88847132,7502,2
1,left_ovary_site_1,1,left_ovary_site_1,272,ZNF804B:7:88847132,590,223
2,righ_pelvic_mass,2,righ_pelvic_mass,272,ZNF804B:7:88847132,1587,0
0,brain_metastasis,0,brain_metastasis,273,ZNF789:7:99077386,372,1489
1,left_ovary_site_1,1,left_ovary_site_1,273,ZNF789:7:99077386,439,959
2,righ_pelvic_mass,2,righ_pelvic_mass,273,ZNF789:7:99077386,720,420
0,brain_metastasis,0,brain_metastasis,274,7:103009375,3801,6
1,left_ovary_site_1,1,left_ovary_site_1,274,7:103009375,410,115
2,righ_pelvic_mass,2,righ_pelvic_mass,274,7:103009375,993,0
0,brain_metastasis,0,brain_metastasis,275,7:118387570,6803,1242
1,left_ovary_site_1,1,left_ovary_site_1,275,7:118387570,774,261
2,righ_pelvic_mass,2,righ_pelvic_mass,275,7:118387570,1607,0
0,brain_metastasis,0,brain_metastasis,276,AC003968.1:7:125680684,3436,1413
1,left_ovary_site_1,1,left_ovary_site_1,276,AC003968.1:7:125680684,643,205
2,righ_pelvic_mass,2,righ_pelvic_mass,276,AC003968.1:7:125680684,1206,0
0,brain_metastasis,0,brain_metastasis,277,7:125728892,921,673
1,left_ovary_site_1,1,left_ovary_site_1,277,7:125728892,146,32
2,righ_pelvic_mass,2,righ_pelvic_mass,277,7:125728892,391,0
0,brain_metastasis,0,brain_metastasis,278,KCP:7:128517183,1600,11081
1,left_ovary_site_1,1,left_ovary_site_1,278,KCP:7:128517183,1377,451
2,righ_pelvic_mass,2,righ_pelvic_mass,278,KCP:7:128517183,3375,593
0,brain_metastasis,0,brain_metastasis,279,NUP205:7:135304355,1887,424
1,left_ovary_site_1,1,left_ovary_site_1,279,NUP205:7:135304355,2340,4
2,righ_pelvic_mass,2,righ_pelvic_mass,279,NUP205:7:135304355,1640,2
0,brain_metastasis,0,brain_metastasis,280,7:137160367,4819,209
1,left_ovary_site_1,1,left_ovary_site_1,280,7:137160367,554,0
2,righ_pelvic_mass,2,righ_pelvic_mass,280,7:137160367,1452,0
0,brain_metastasis,0,brain_metastasis,281,KIAA1549:7:138525022,1989,296
1,left_ovary_site_1,1,left_ovary_site_1,281,KIAA1549:7:138525022,1905,0
2,righ_pelvic_mass,2,righ_pelvic_mass,281,KIAA1549:7:138525022,1787,2
0,brain_metastasis,0,brain_metastasis,282,CNTNAP2:7:146174950,7992,3071
1,left_ovary_site_1,1,left_ovary_site_1,282,CNTNAP2:7:146174950,915,300
2,righ_pelvic_mass,2,righ_pelvic_mass,282,CNTNAP2:7:146174950,2864,2
0,brain_metastasis,0,brain_metastasis,283,SMARCD3:7:150952352,31616,73
1,left_ovary_site_1,1,left_ovary_site_1,283,SMARCD3:7:150952352,3788,16
2,righ_pelvic_mass,2,righ_pelvic_mass,283,SMARCD3:7:150952352,5598,1063
0,brain_metastasis,0,brain_metastasis,284,7:153326063,19807,4105
1,left_ovary_site_1,1,left_ovary_site_1,284,7:153326063,1985,570
2,righ_pelvic_mass,2,righ_pelvic_mass,284,7:153326063,4518,3
0,brain_metastasis,0,brain_metastasis,285,SORBS3:8:22429255,38,0
1,left_ovary_site_1,1,left_ovary_site_1,285,SORBS3:8:22429255,4,6
2,righ_pelvic_mass,2,righ_pelvic_mass,285,SORBS3:8:22429255,16,0
0,brain_metastasis,0,brain_metastasis,286,ADAM9:8:38876409,1701,199
1,left_ovary_site_1,1,left_ovary_site_1,286,ADAM9:8:38876409,1001,0
2,righ_pelvic_mass,2,righ_pelvic_mass,286,ADAM9:8:38876409,1698,6
0,brain_metastasis,0,brain_metastasis,287,FBXO43:8:101146042,974,0
1,left_ovary_site_1,1,left_ovary_site_1,287,FBXO43:8:101146042,470,401
2,righ_pelvic_mass,2,righ_pelvic_mass,287,FBXO43:8:101146042,818,0
0,brain_metastasis,0,brain_metastasis,288,TRPS1:8:116787892,9639,5079
1,left_ovary_site_1,1,left_ovary_site_1,288,TRPS1:8:116787892,1216,175
2,righ_pelvic_mass,2,righ_pelvic_mass,288,TRPS1:8:116787892,2823,3
0,brain_metastasis,0,brain_metastasis,289,LINC00536:8:117089727,5204,633
1,left_ovary_site_1,1,left_ovary_site_1,289,LINC00536:8:117089727,374,62
2,righ_pelvic_mass,2,righ_pelvic_mass,289,LINC00536:8:117089727,1253,0
0,brain_metastasis,0,brain_metastasis,290,RP11-973F15.2:8:123711779,42312,30
1,left_ovary_site_1,1,left_ovary_site_1,290,RP11-973F15.2:8:123711779,3161,0
2,righ_pelvic_mass,2,righ_pelvic_mass,290,RP11-973F15.2:8:123711779,8441,1460
0,brain_metastasis,0,brain_metastasis,291,ANXA13:8:124706165,12105,0
1,left_ovary_site_1,1,left_ovary_site_1,291,ANXA13:8:124706165,1888,225
2,righ_pelvic_mass,2,righ_pelvic_mass,291,ANXA13:8:124706165,3094,256
0,brain_metastasis,0,brain_metastasis,292,ZNF572:8:125989015,6507,11
1,left_ovary_site_1,1,left_ovary_site_1,292,ZNF572:8:125989015,5758,1429
2,righ_pelvic_mass,2,righ_pelvic_mass,292,ZNF572:8:125989015,3536,12
0,brain_metastasis,0,brain_metastasis,293,8:127803742,23408,2
1,left_ovary_site_1,1,left_ovary_site_1,293,8:127803742,1809,197
2,righ_pelvic_mass,2,righ_pelvic_mass,293,8:127803742,4634,0
0,brain_metastasis,0,brain_metastasis,294,RP11-30J20.1:8:137988964,5298,466
1,left_ovary_site_1,1,left_ovary_site_1,294,RP11-30J20.1:8:137988964,472,109
2,righ_pelvic_mass,2,righ_pelvic_mass,294,RP11-30J20.1:8:137988964,1436,136
0,brain_metastasis,0,brain_metastasis,295,COL22A1:8:139854051,25474,3951
1,left_ovary_site_1,1,left_ovary_site_1,295,COL22A1:8:139854051,1425,0
2,righ_pelvic_mass,2,righ_pelvic_mass,295,COL22A1:8:139854051,6276,0
0,brain_metastasis,0,brain_metastasis,296,8:140461293,3102,596
1,left_ovary_site_1,1,left_ovary_site_1,296,8:140461293,578,0
2,righ_pelvic_mass,2,righ_pelvic_mass,296,8:140461293,755,2
0,brain_metastasis,0,brain_metastasis,297,BNC2:9:16436168,1150,2
1,left_ovary_site_1,1,left_ovary_site_1,297,BNC2:9:16436168,2502,963
2,righ_pelvic_mass,2,righ_pelvic_mass,297,BNC2:9:16436168,2666,7
0,brain_metastasis,0,brain_metastasis,298,CCIN:9:36169613,842,0
1,left_ovary_site_1,1,left_ovary_site_1,298,CCIN:9:36169613,442,171
2,righ_pelvic_mass,2,righ_pelvic_mass,298,CCIN:9:36169613,693,0
0,brain_metastasis,0,brain_metastasis,299,TMC1:9:75309621,1451,0
1,left_ovary_site_1,1,left_ovary_site_1,299,TMC1:9:75309621,3536,1504
2,righ_pelvic_mass,2,righ_pelvic_mass,299,TMC1:9:75309621,3316,2
0,brain_metastasis,0,brain_metastasis,300,9:81907318,16885,0
1,left_ovary_site_1,1,left_ovary_site_1,300,9:81907318,1163,459
2,righ_pelvic_mass,2,righ_pelvic_mass,300,9:81907318,3712,710
0,brain_metastasis,0,brain_metastasis,301,9:84490448,9989,16889
1,left_ovary_site_1,1,left_ovary_site_1,301,9:84490448,376,1907
2,righ_pelvic_mass,2,righ_pelvic_mass,301,9:84490448,5095,1274
0,brain_metastasis,0,brain_metastasis,302,RP11-15B24.5:9:85183993,32132,1606
1,left_ovary_site_1,1,left_ovary_site_1,302,RP11-15B24.5:9:85183993,2383,0
2,righ_pelvic_mass,2,righ_pelvic_mass,302,RP11-15B24.5:9:85183993,8507,0
0,brain_metastasis,0,brain_metastasis,303,COL15A1:9:101748358,607,0
1,left_ovary_site_1,1,left_ovary_site_1,303,COL15A1:9:101748358,207,127
2,righ_pelvic_mass,2,righ_pelvic_mass,303,COL15A1:9:101748358,470,0
0,brain_metastasis,0,brain_metastasis,304,9:114468966,11918,4511
1,left_ovary_site_1,1,left_ovary_site_1,304,9:114468966,1457,90
2,righ_pelvic_mass,2,righ_pelvic_mass,304,9:114468966,3366,1629
0,brain_metastasis,0,brain_metastasis,305,9:114958764,10033,29052
1,left_ovary_site_1,1,left_ovary_site_1,305,9:114958764,591,3287
2,righ_pelvic_mass,2,righ_pelvic_mass,305,9:114958764,8013,3073
0,brain_metastasis,0,brain_metastasis,306,MAPKAP1:9:128314045,9429,4099
1,left_ovary_site_1,1,left_ovary_site_1,306,MAPKAP1:9:128314045,1080,4
2,righ_pelvic_mass,2,righ_pelvic_mass,306,MAPKAP1:9:128314045,4159,2
0,brain_metastasis,0,brain_metastasis,307,SETX:9:135203786,772,0
1,left_ovary_site_1,1,left_ovary_site_1,307,SETX:9:135203786,759,552
2,righ_pelvic_mass,2,righ_pelvic_mass,307,SETX:9:135203786,1438,4
0,brain_metastasis,0,brain_metastasis,308,OLFM1:9:138011706,1570,1
1,left_ovary_site_1,1,left_ovary_site_1,308,OLFM1:9:138011706,1110,457
2,righ_pelvic_mass,2,righ_pelvic_mass,308,OLFM1:9:138011706,1023,0
0,brain_metastasis,0,brain_metastasis,309,9:138379794,41,81
1,left_ovary_site_1,1,left_ovary_site_1,309,9:138379794,2,66
2,righ_pelvic_mass,2,righ_pelvic_mass,309,9:138379794,24,22
0,brain_metastasis,0,brain_metastasis,310,9:139616450,19,37
1,left_ovary_site_1,1,left_ovary_site_1,310,9:139616450,11,0
2,righ_pelvic_mass,2,righ_pelvic_mass,310,9:139616450,3,0
0,brain_metastasis,0,brain_metastasis,311,X:18622276,12,2
1,left_ovary_site_1,1,left_ovary_site_1,311,X:18622276,12,0
2,righ_pelvic_mass,2,righ_pelvic_mass,311,X:18622276,28,0
0,brain_metastasis,0,brain_metastasis,312,X:20763948,22976,1770
1,left_ovary_site_1,1,left_ovary_site_1,312,X:20763948,1927,1
2,righ_pelvic_mass,2,righ_pelvic_mass,312,X:20763948,6172,1
0,brain_metastasis,0,brain_metastasis,313,DMD:X:32328254,513,148
1,left_ovary_site_1,1,left_ovary_site_1,313,DMD:X:32328254,1392,0
2,righ_pelvic_mass,2,righ_pelvic_mass,313,DMD:X:32328254,1473,5
0,brain_metastasis,0,brain_metastasis,314,DMD:X:32328255,513,146
1,left_ovary_site_1,1,left_ovary_site_1,314,DMD:X:32328255,1395,0
2,righ_pelvic_mass,2,righ_pelvic_mass,314,DMD:X:32328255,1479,0
0,brain_metastasis,0,brain_metastasis,315,USP9X:X:41029384,860,497
1,left_ovary_site_1,1,left_ovary_site_1,315,USP9X:X:41029384,2384,2
2,righ_pelvic_mass,2,righ_pelvic_mass,315,USP9X:X:41029384,2239,0
0,brain_metastasis,0,brain_metastasis,316,PFKFB1:X:54975606,496,193
1,left_ovary_site_1,1,left_ovary_site_1,316,PFKFB1:X:54975606,1593,0
2,righ_pelvic_mass,2,righ_pelvic_mass,316,PFKFB1:X:54975606,759,2
0,brain_metastasis,0,brain_metastasis,317,X:71372770,23112,2
1,left_ovary_site_1,1,left_ovary_site_1,317,X:71372770,2820,0
2,righ_pelvic_mass,2,righ_pelvic_mass,317,X:71372770,6318,220
0,brain_metastasis,0,brain_metastasis,318,X:73585381,21562,0
1,left_ovary_site_1,1,left_ovary_site_1,318,X:73585381,2211,0
2,righ_pelvic_mass,2,righ_pelvic_mass,318,X:73585381,3821,671
0,brain_metastasis,0,brain_metastasis,319,DACH2:X:86067861,615,183
1,left_ovary_site_1,1,left_ovary_site_1,319,DACH2:X:86067861,1687,0
2,righ_pelvic_mass,2,righ_pelvic_mass,319,DACH2:X:86067861,2091,0
0,brain_metastasis,0,brain_metastasis,320,COL4A5:X:107908798,417,0
1,left_ovary_site_1,1,left_ovary_site_1,320,COL4A5:X:107908798,437,312
2,righ_pelvic_mass,2,righ_pelvic_mass,320,COL4A5:X:107908798,1203,4
0,brain_metastasis,0,brain_metastasis,321,PLS3:X:114863563,33308,4385
1,left_ovary_site_1,1,left_ovary_site_1,321,PLS3:X:114863563,3119,0
2,righ_pelvic_mass,2,righ_pelvic_mass,321,PLS3:X:114863563,9193,0
0,brain_metastasis,0,brain_metastasis,321,PLS3:X:114863563,366,261
1,left_ovary_site_1,1,left_ovary_site_1,321,PLS3:X:114863563,1168,0
2,righ_pelvic_mass,2,righ_pelvic_mass,321,PLS3:X:114863563,1684,0
0,brain_metastasis,0,brain_metastasis,322,WDR44:X:117546307,36306,88
1,left_ovary_site_1,1,left_ovary_site_1,322,WDR44:X:117546307,1712,1208
2,righ_pelvic_mass,2,righ_pelvic_mass,322,WDR44:X:117546307,7763,14
0,brain_metastasis,0,brain_metastasis,323,LONRF3:X:118151226,5807,8108
1,left_ovary_site_1,1,left_ovary_site_1,323,LONRF3:X:118151226,755,586
2,righ_pelvic_mass,2,righ_pelvic_mass,323,LONRF3:X:118151226,4239,696
0,brain_metastasis,0,brain_metastasis,324,HS6ST2:X:132087419,17,0
1,left_ovary_site_1,1,left_ovary_site_1,324,HS6ST2:X:132087419,110,0
2,righ_pelvic_mass,2,righ_pelvic_mass,324,HS6ST2:X:132087419,8,0
0,brain_metastasis,0,brain_metastasis,325,X:137226514,28695,10
1,left_ovary_site_1,1,left_ovary_site_1,325,X:137226514,2402,786
2,righ_pelvic_mass,2,righ_pelvic_mass,325,X:137226514,5119,0
0,brain_metastasis,0,brain_metastasis,326,MCF2:X:138678815,1537,316
1,left_ovary_site_1,1,left_ovary_site_1,326,MCF2:X:138678815,3101,865
2,righ_pelvic_mass,2,righ_pelvic_mass,326,MCF2:X:138678815,2689,485
0,brain_metastasis,0,brain_metastasis,327,MCF2:X:138684838,12470,2030
1,left_ovary_site_1,1,left_ovary_site_1,327,MCF2:X:138684838,798,218
2,righ_pelvic_mass,2,righ_pelvic_mass,327,MCF2:X:138684838,3273,334
0,brain_metastasis,0,brain_metastasis,328,MAMLD1:X:149575646,19217,4115
1,left_ovary_site_1,1,left_ovary_site_1,328,MAMLD1:X:149575646,2888,1
2,righ_pelvic_mass,2,righ_pelvic_mass,328,MAMLD1:X:149575646,5330,1105
